Workbook
Name vo2maxpace: Pacing!$A$24
Name hour: Pacing!$B$24

Sheet Utilities
A1: Carb Utilization
A2: Exercise Intensity (% VO2max) | B2: Carbohydrate Usage (%)
A3: 0 | B3: 0
A4: =A3+5 -> 5 | B4: 1
A5: =A4+5 -> 10 | B5: 2
A6: =A5+5 -> 15 | B6: 4
A7: =A6+5 -> 20 | B7: 6
A8: =A7+5 -> 25 | B8: 13
A9: =A8+5 -> 30 | B9: 16
A10: =A9+5 -> 35 | B10: 20
A11: =A10+5 -> 40 | B11: 25
A12: =A11+5 -> 45 | B12: 31
A13: =A12+5 -> 50 | B13: 37
A14: =A13+5 -> 55 | B14: 43
A15: =A14+5 -> 60 | B15: 48
... A23: =A22+5 -> 100 | B23: 94

Sheet Pacing
A1: Aid Station | B1: Distance | C1: Drop Bag | D1: Crew | E1: Pacer | F1: Cut Offs | G1: Aid Type | H1: Cumulative Dist | I1: Vo2max percent | J1: Pace | K1: Duration | L1: Time | M1: Crew gap | N1: Total Caloric Demand | O1: Carb usage | P1: CarbCalsConsumed | Q1: Grams Carbs | R1: Section grams needed | S1: Grams per hour | T1: G gatorade per hour | U1: G per bag | V1: Num bags | W1: Water per hour | X1: Water | Y1: Temp (°F) | Z1: Humidity (%) | AA1: Cloud Cover | AB1: Temp (°C) | AC1: Dew point | AD1: Wet bulb | AE1: Sweat rate (L/hr)
A2: Start Waterloo-Pinckney | B2: 0 | C2: Yes | D2: Yes | E2: No | G2: Full | H2: 0 | I2: 64 | J2: =$A$24/(I2/100) -> 0.0064019097 | K2: =J2*B2 -> 0 | L2: 46179.375 | M2: =L6-L2 -> 0.1562066 | N2: =B2*1.6*(140/2.2) -> 0 | O2: =IFERROR(FORECAST(I2, OFFSET(Utilities!$B$4, MATCH(I2,Utilities!$A$4:$A$23,1)-1, 0, 2), OFFSET(Utilities!$A$4, MATCH(I2,Utilities!$A$4:$A$23,1)-1, 0, 2)), "Out of range")/100 -> 0.536 | P2: =O2*N2 -> 0 | Q2: =P2/4 -> 0 | R2: =sum(Q2:Q6) -> 332.90473 | S2: =Q2/(K2/$B$24) -> #DIV/0! | T2: =S2*23/21 -> #DIV/0! | U2: =95 -> 95 | V2: =ceiling(R2/U2,1) -> 4 | W2: 1 | X2: =K2/hour*W2 -> 0 | Y2: =AB2*9/5+32 -> 64.04 | Z2: 91 | AA2: 80 | AB2: 17.8 | AC2: 16.3 | AD2: 16.7 | AE2: =(414 + (11.45 * AD2) + (2.6 * I2))/1000 -> 0.771615
A3: AS1 Mt. Hope Road (Mile 6.7) | B3: 6.7 | C3: No | D3: No | E3: No | G3: H2O Only | H3: =H2+B3 -> 6.7 | I3: =I2 -> 64 | J3: =$A$24/(I3/100) -> 0.0064019097 | K3: =J3*B3 -> 0.042892795 | L3: =L2+K3 -> 46179.418 | N3: =B3*1.6*(140/2.2) -> 682.18182 | O3: =IFERROR(FORECAST(I3, OFFSET(Utilities!$B$4, MATCH(I3,Utilities!$A$4:$A$23,1)-1, 0, 2), OFFSET(Utilities!$A$4, MATCH(I3,Utilities!$A$4:$A$23,1)-1, 0, 2)), "Out of range")/100 -> 0.536 | P3: =O3*N3 -> 365.64945 | Q3: =P3/4 -> 91.412364 | S3: =Q3/(K3/$B$24) -> 88.79926 | T3: =S3*23/21 -> 97.256333 | U3: =U2 -> 95 | W3: =W2 -> 1 | X3: =K3/hour*W3 -> 1.0294271 | Y3: =AB3*9/5+32 -> 62.6 | Z3: 94 | AA3: 53 | AB3: 17 | AC3: 16.1 | AD3: 16.3 | AE3: =(414 + (11.45 * AD3) + (2.6 * I3))/1000 -> 0.767035
A4: AS2 Baldwin Road (Mile 10.6) | B4: 3.9 | C4: No | D4: No | E4: No | G4: Full | H4: =H3+B4 -> 10.6 | I4: =I3 -> 64 | J4: =$A$24/(I4/100) -> 0.0064019097 | K4: =J4*B4 -> 0.024967448 | L4: =L3+K4 -> 46179.443 | N4: =B4*1.6*(140/2.2) -> 397.09091 | O4: =IFERROR(FORECAST(I4, OFFSET(Utilities!$B$4, MATCH(I4,Utilities!$A$4:$A$23,1)-1, 0, 2), OFFSET(Utilities!$A$4, MATCH(I4,Utilities!$A$4:$A$23,1)-1, 0, 2)), "Out of range")/100 -> 0.536 | P4: =O4*N4 -> 212.84073 | Q4: =P4/4 -> 53.210182 | S4: =Q4/(K4/$B$24) -> 88.79926 | T4: =S4*23/21 -> 97.256333 | U4: =U3 -> 95 | W4: =W3 -> 1 | X4: =K4/hour*W4 -> 0.59921875 | Y4: =AB4*9/5+32 -> 62.78 | Z4: 94 | AA4: 39 | AB4: 17.1 | AC4: 16.2 | AD4: 16.4 | AE4: =(414 + (11.45 * AD4) + (2.6 * I4))/1000 -> 0.76818
A5: AS3 Discovery Center (Mile 18.6) | B5: 8 | C5: No | D5: No | E5: No | G5: Full | H5: =H4+B5 -> 18.6 | I5: =I4 -> 64 | J5: =$A$24/(I5/100) -> 0.0064019097 | K5: =J5*B5 -> 0.051215278 | L5: =L4+K5 -> 46179.494 | N5: =B5*1.6*(140/2.2) -> 814.54545 | O5: =IFERROR(FORECAST(I5, OFFSET(Utilities!$B$4, MATCH(I5,Utilities!$A$4:$A$23,1)-1, 0, 2), OFFSET(Utilities!$A$4, MATCH(I5,Utilities!$A$4:$A$23,1)-1, 0, 2)), "Out of range")/100 -> 0.536 | P5: =O5*N5 -> 436.59636 | Q5: =P5/4 -> 109.14909 | S5: =Q5/(K5/$B$24) -> 88.79926 | T5: =S5*23/21 -> 97.256333 | U5: =U4 -> 95 | W5: =W4 -> 1 | X5: =K5/hour*W5 -> 1.2291667 | Y5: =AB5*9/5+32 -> 66.2 | Z5: 88 | AA5: 53 | AB5: 19 | AC5: 17 | AD5: 17.6 | AE5: =(414 + (11.45 * AD5) + (2.6 * I5))/1000 -> 0.78192
A6: AS4 Park Lyndon East (Mile 24.4) | B6: 5.8 | C6: Yes | D6: Yes | E6: No | F6: 0.71875 | G6: Full | H6: =H5+B6 -> 24.4 | I6: =I5 -> 64 | J6: =$A$24/(I6/100) -> 0.0064019097 | K6: =J6*B6 -> 0.037131076 | L6: =L5+K6 -> 46179.531 | M6: =L8-L6 -> 0.070421007 | N6: =B6*1.6*(140/2.2) -> 590.54545 | O6: =IFERROR(FORECAST(I6, OFFSET(Utilities!$B$4, MATCH(I6,Utilities!$A$4:$A$23,1)-1, 0, 2), OFFSET(Utilities!$A$4, MATCH(I6,Utilities!$A$4:$A$23,1)-1, 0, 2)), "Out of range")/100 -> 0.536 | P6: =O6*N6 -> 316.53236 | Q6: =P6/4 -> 79.133091 | R6: =sum(Q7:Q8) -> 150.08 | S6: =Q6/(K6/$B$24) -> 88.79926 | T6: =S6*23/21 -> 97.256333 | U6: =U5 -> 95 | V6: =ceiling(R6/U6,1) -> 2 | W6: =W5 -> 1 | X6: =K6/hour*W6 -> 0.89114583 | Y6: =AB6*9/5+32 -> 71.24 | Z6: 79 | AA6: 80 | AB6: 21.8 | AC6: 18 | AD6: 19.1 | AE6: =(414 + (11.45 * AD6) + (2.6 * I6))/1000 -> 0.799095
A7: AS5 Hankerd Road (Mile 31.1) | B7: 6.7 | C7: No | D7: No | E7: No | G7: H2O Only | H7: =H6+B7 -> 31.1 | I7: =I6 -> 64 | J7: =$A$24/(I7/100) -> 0.0064019097 | K7: =J7*B7 -> 0.042892795 | L7: =L6+K7 -> 46179.574 | N7: =B7*1.6*(140/2.2) -> 682.18182 | O7: =IFERROR(FORECAST(I7, OFFSET(Utilities!$B$4, MATCH(I7,Utilities!$A$4:$A$23,1)-1, 0, 2), OFFSET(Utilities!$A$4, MATCH(I7,Utilities!$A$4:$A$23,1)-1, 0, 2)), "Out of range")/100 -> 0.536 | P7: =O7*N7 -> 365.64945 | Q7: =P7/4 -> 91.412364 | S7: =Q7/(K7/$B$24) -> 88.79926 | T7: =S7*23/21 -> 97.256333 | U7: =U6 -> 95 | W7: =W6 -> 1 | X7: =K7/hour*W7 -> 1.0294271 | Y7: =AB7*9/5+32 -> 74.66 | Z7: 74 | AA7: 100 | AB7: 23.7 | AC7: 18.8 | AD7: 20.3 | AE7: =(414 + (11.45 * AD7) + (2.6 * I7))/1000 -> 0.812835
A8: AS6 Silver Lake (Mile 35.4) | B8: 4.3 | C8: No | D8: Yes | E8: No | F8: 0.86458333 | G8: Full | H8: =H7+B8 -> 35.4 | I8: =I7 -> 64 | J8: =$A$24/(I8/100) -> 0.0064019097 | K8: =J8*B8 -> 0.027528212 | L8: =L7+K8 -> 46179.602 | M8: =L10-L8 -> 0.074902344 | N8: =B8*1.6*(140/2.2) -> 437.81818 | O8: =IFERROR(FORECAST(I8, OFFSET(Utilities!$B$4, MATCH(I8,Utilities!$A$4:$A$23,1)-1, 0, 2), OFFSET(Utilities!$A$4, MATCH(I8,Utilities!$A$4:$A$23,1)-1, 0, 2)), "Out of range")/100 -> 0.536 | P8: =O8*N8 -> 234.67055 | Q8: =P8/4 -> 58.667636 | R8: =sum(Q9:Q10) -> 159.63055 | S8: =Q8/(K8/$B$24) -> 88.79926 | T8: =S8*23/21 -> 97.256333 | U8: =U7 -> 95 | V8: =ceiling(R8/U8,1) -> 2 | W8: =W7 -> 1 | X8: =K8/hour*W8 -> 0.66067708 | Y8: =AB8*9/5+32 -> 74.66 | Z8: 74 | AA8: 100 | AB8: 23.7 | AC8: 18.8 | AD8: 20.3 | AE8: =(414 + (11.45 * AD8) + (2.6 * I8))/1000 -> 0.812835
A9: AS7 Gosling Lake (Mile 40.7) | B9: 5.3 | C9: No | D9: No | E9: No | G9: Full | H9: =H8+B9 -> 40.7 | I9: =I8 -> 64 | J9: =$A$24/(I9/100) -> 0.0064019097 | K9: =J9*B9 -> 0.033930122 | L9: =L8+K9 -> 46179.636 | N9: =B9*1.6*(140/2.2) -> 539.63636 | O9: =IFERROR(FORECAST(I9, OFFSET(Utilities!$B$4, MATCH(I9,Utilities!$A$4:$A$23,1)-1, 0, 2), OFFSET(Utilities!$A$4, MATCH(I9,Utilities!$A$4:$A$23,1)-1, 0, 2)), "Out of range")/100 -> 0.536 | P9: =O9*N9 -> 289.24509 | Q9: =P9/4 -> 72.311273 | S9: =Q9/(K9/$B$24) -> 88.79926 | T9: =S9*23/21 -> 97.256333 | U9: =U8 -> 95 | W9: =W8 -> 1 | X9: =K9/hour*W9 -> 0.81432292 | Y9: =AB9*9/5+32 -> 75.2 | Z9: 76 | AA9: 100 | AB9: 24 | AC9: 19.5 | AD9: 20.8 | AE9: =(414 + (11.45 * AD9) + (2.6 * I9))/1000 -> 0.81856
A10: AS8 Lakelands Trail (Mile 47.1) | B10: 6.4 | C10: Yes | D10: Yes | E10: Yes | F10: 0.010416667 | G10: Full | H10: =H9+B10 -> 47.1 | I10: =I9 -> 64 | J10: =$A$24/(I10/100) -> 0.0064019097 | K10: =J10*B10 -> 0.040972222 | L10: =L9+K10 -> 46179.677 | M10: =L13-L10 -> 0.10721065 | N10: =B10*1.6*(140/2.2) -> 651.63636 | O10: =IFERROR(FORECAST(I10, OFFSET(Utilities!$B$4, MATCH(I10,Utilities!$A$4:$A$23,1)-1, 0, 2), OFFSET(Utilities!$A$4, MATCH(I10,Utilities!$A$4:$A$23,1)-1, 0, 2)), "Out of range")/100 -> 0.536 | P10: =O10*N10 -> 349.27709 | Q10: =P10/4 -> 87.319273 | R10: =sum(Q11:Q13) -> 191.82545 | S10: =Q10/(K10/$B$24) -> 88.79926 | T10: =S10*23/21 -> 97.256333 | U10: =U9 -> 95 | V10: =ceiling(R10/U10,1) -> 3 | W10: =W9 -> 1 | X10: =K10/hour*W10 -> 0.98333333 | Y10: =AB10*9/5+32 -> 74.12 | Z10: 82 | AA10: 98 | AB10: 23.4 | AC10: 20.2 | AD10: 21.1 | AE10: =(414 + (11.45 * AD10) + (2.6 * I10))/1000 -> 0.821995
A11: AS9 Maple Shelter (Mile 55.) | B11: 7.9 | C11: No | D11: No | E11: No | F11: 0.125 | G11: Full | H11: =H10+B11 -> 55 | I11: 60 | J11: =$A$24/(I11/100) -> 0.0068287037 | K11: =J11*B11 -> 0.053946759 | L11: =L10+K11 -> 46179.73 | N11: =B11*1.6*(140/2.2) -> 804.36364 | O11: =IFERROR(FORECAST(I11, OFFSET(Utilities!$B$4, MATCH(I11,Utilities!$A$4:$A$23,1)-1, 0, 2), OFFSET(Utilities!$A$4, MATCH(I11,Utilities!$A$4:$A$23,1)-1, 0, 2)), "Out of range")/100 -> 0.48 | P11: =O11*N11 -> 386.09455 | Q11: =P11/4 -> 96.523636 | S11: =Q11/(K11/$B$24) -> 74.551618 | T11: =S11*23/21 -> 81.651772 | U11: =U10 -> 95 | W11: =W10 -> 1 | X11: =K11/hour*W11 -> 1.2947222 | Y11: =AB11*9/5+32 -> 73.04 | Z11: 87 | AA11: 90 | AB11: 22.8 | AC11: 20.5 | AD11: 21.2 | AE11: =(414 + (11.45 * AD11) + (2.6 * I11))/1000 -> 0.81274
A12: AS10 Teahen Road (59.6) | B12: 4.6 | C12: No | D12: No | E12: No | G12: H2O Only | H12: =H11+B12 -> 59.6 | I12: =I11 -> 60 | J12: =$A$24/(I12/100) -> 0.0068287037 | K12: =J12*B12 -> 0.031412037 | L12: =L11+K12 -> 46179.762 | N12: =B12*1.6*(140/2.2) -> 468.36364 | O12: =IFERROR(FORECAST(I12, OFFSET(Utilities!$B$4, MATCH(I12,Utilities!$A$4:$A$23,1)-1, 0, 2), OFFSET(Utilities!$A$4, MATCH(I12,Utilities!$A$4:$A$23,1)-1, 0, 2)), "Out of range")/100 -> 0.48 | P12: =O12*N12 -> 224.81455 | Q12: =P12/4 -> 56.203636 | S12: =Q12/(K12/$B$24) -> 74.551618 | T12: =S12*23/21 -> 81.651772 | U12: =U11 -> 95 | W12: =W11 -> 1 | X12: =K12/hour*W12 -> 0.75388889 | Y12: =AB12*9/5+32 -> 72.5 | Z12: 88 | AA12: 78 | AB12: 22.5 | AC12: 20.4 | AD12: 21 | AE12: =(414 + (11.45 * AD12) + (2.6 * I12))/1000 -> 0.81045
A13: AS11 Sandhill Shelter (Mile 62.8) | B13: 3.2 | C13: No | D13: Yes | E13: Yes | F13: 0.25 | G13: Full | H13: =H12+B13 -> 62.8 | I13: =I12 -> 60 | J13: =$A$24/(I13/100) -> 0.0068287037 | K13: =J13*B13 -> 0.021851852 | L13: =L12+K13 -> 46179.784 | M13: =L16-L13 -> 0.11403935 | N13: =B13*1.6*(140/2.2) -> 325.81818 | O13: =IFERROR(FORECAST(I13, OFFSET(Utilities!$B$4, MATCH(I13,Utilities!$A$4:$A$23,1)-1, 0, 2), OFFSET(Utilities!$A$4, MATCH(I13,Utilities!$A$4:$A$23,1)-1, 0, 2)), "Out of range")/100 -> 0.48 | P13: =O13*N13 -> 156.39273 | Q13: =P13/4 -> 39.098182 | R13: =sum(Q14:Q16) -> 204.04364 | S13: =Q13/(K13/$B$24) -> 74.551618 | T13: =S13*23/21 -> 81.651772 | U13: =U12 -> 95 | V13: =ceiling(R13/U13,1) -> 3 | W13: =W12 -> 1 | X13: =K13/hour*W13 -> 0.52444444 | Y13: =AB13*9/5+32 -> 72.5 | Z13: 88 | AA13: 78 | AB13: 22.5 | AC13: 20.4 | AD13: 21 | AE13: =(414 + (11.45 * AD13) + (2.6 * I13))/1000 -> 0.81045
A14: AS12 Huron Meadows (Mile 69.5) | B14: 6.7 | C14: Yes | D14: Yes | E14: Yes | F14: 0.33333333 | G14: Full | H14: =H13+B14 -> 69.5 | I14: =I13 -> 60 | J14: =$A$24/(I14/100) -> 0.0068287037 | K14: =J14*B14 -> 0.045752315 | L14: =L13+K14 -> 46179.829 | N14: =B14*1.6*(140/2.2) -> 682.18182 | O14: =IFERROR(FORECAST(I14, OFFSET(Utilities!$B$4, MATCH(I14,Utilities!$A$4:$A$23,1)-1, 0, 2), OFFSET(Utilities!$A$4, MATCH(I14,Utilities!$A$4:$A$23,1)-1, 0, 2)), "Out of range")/100 -> 0.48 | P14: =O14*N14 -> 327.44727 | Q14: =P14/4 -> 81.861818 | S14: =Q14/(K14/$B$24) -> 74.551618 | T14: =S14*23/21 -> 81.651772 | U14: =U13 -> 95 | W14: =W13 -> 1 | X14: =K14/hour*W14 -> 1.0980556 | Y14: =AB14*9/5+32 -> 71.6 | Z14: 88 | AA14: 64 | AB14: 22 | AC14: 19.9 | AD14: 20.5 | AE14: =(414 + (11.45 * AD14) + (2.6 * I14))/1000 -> 0.804725
A15: AS13 Fire Trail (Mile 75) | B15: 5.5 | C15: No | D15: No | E15: No | G15: H2O Only | H15: =H14+B15 -> 75 | I15: =I14 -> 60 | J15: =$A$24/(I15/100) -> 0.0068287037 | K15: =J15*B15 -> 0.03755787 | L15: =L14+K15 -> 46179.867 | N15: =B15*1.6*(140/2.2) -> 560 | O15: =IFERROR(FORECAST(I15, OFFSET(Utilities!$B$4, MATCH(I15,Utilities!$A$4:$A$23,1)-1, 0, 2), OFFSET(Utilities!$A$4, MATCH(I15,Utilities!$A$4:$A$23,1)-1, 0, 2)), "Out of range")/100 -> 0.48 | P15: =O15*N15 -> 268.8 | Q15: =P15/4 -> 67.2 | S15: =Q15/(K15/$B$24) -> 74.551618 | T15: =S15*23/21 -> 81.651772 | U15: =U14 -> 95 | W15: =W14 -> 1 | X15: =K15/hour*W15 -> 0.90138889 | Y15: =AB15*9/5+32 -> 70.52 | Z15: 89 | AA15: 52 | AB15: 21.4 | AC15: 19.5 | AD15: 20 | AE15: =(414 + (11.45 * AD15) + (2.6 * I15))/1000 -> 0.799
A16: AS14 Spring Mill Pond (Mile 79.5) | B16: 4.5 | C16: No | D16: Yes | E16: Yes | F16: 0.5 | G16: Full | H16: =H15+B16 -> 79.5 | I16: =I15 -> 60 | J16: =$A$24/(I16/100) -> 0.0068287037 | K16: =J16*B16 -> 0.030729167 | L16: =L15+K16 -> 46179.898 | M16: =L19-L16 -> 0.13998843 | N16: =B16*1.6*(140/2.2) -> 458.18182 | O16: =IFERROR(FORECAST(I16, OFFSET(Utilities!$B$4, MATCH(I16,Utilities!$A$4:$A$23,1)-1, 0, 2), OFFSET(Utilities!$A$4, MATCH(I16,Utilities!$A$4:$A$23,1)-1, 0, 2)), "Out of range")/100 -> 0.48 | P16: =O16*N16 -> 219.92727 | Q16: =P16/4 -> 54.981818 | R16: =sum(Q17:Q19) -> 250.47273 | S16: =Q16/(K16/$B$24) -> 74.551618 | T16: =S16*23/21 -> 81.651772 | U16: =U15 -> 95 | V16: =ceiling(R16/U16,1) -> 3 | W16: =W15 -> 1 | X16: =K16/hour*W16 -> 0.7375 | Y16: =AB16*9/5+32 -> 68.9 | Z16: 91 | AA16: 44 | AB16: 20.5 | AC16: 19 | AD16: 19.4 | AE16: =(414 + (11.45 * AD16) + (2.6 * I16))/1000 -> 0.79213
A17: AS15 Hickory Shelter (Mile 87) | B17: 7.5 | C17: No | D17: Yes | E17: Yes | F17: 0.58333333 | G17: Full | H17: =H16+B17 -> 87 | I17: =I16 -> 60 | J17: =$A$24/(I17/100) -> 0.0068287037 | K17: =J17*B17 -> 0.051215278 | L17: =L16+K17 -> 46179.949 | N17: =B17*1.6*(140/2.2) -> 763.63636 | O17: =IFERROR(FORECAST(I17, OFFSET(Utilities!$B$4, MATCH(I17,Utilities!$A$4:$A$23,1)-1, 0, 2), OFFSET(Utilities!$A$4, MATCH(I17,Utilities!$A$4:$A$23,1)-1, 0, 2)), "Out of range")/100 -> 0.48 | P17: =O17*N17 -> 366.54545 | Q17: =P17/4 -> 91.636364 | S17: =Q17/(K17/$B$24) -> 74.551618 | T17: =S17*23/21 -> 81.651772 | U17: =U16 -> 95 | W17: =W16 -> 1 | X17: =K17/hour*W17 -> 1.2291667 | Y17: =AB17*9/5+32 -> 67.1 | Z17: 94 | AA17: 39 | AB17: 19.5 | AC17: 18.5 | AD17: 18.7 | AE17: =(414 + (11.45 * AD17) + (2.6 * I17))/1000 -> 0.784115
A18: AS16 Windfall Hill (Mile 92) | B18: 5 | C18: No | D18: Yes | E18: Yes | F18: 0.625 | G18: Full | H18: =H17+B18 -> 92 | I18: =I17 -> 60 | J18: =$A$24/(I18/100) -> 0.0068287037 | K18: =J18*B18 -> 0.034143519 | L18: =L17+K18 -> 46179.983 | N18: =B18*1.6*(140/2.2) -> 509.09091 | O18: =IFERROR(FORECAST(I18, OFFSET(Utilities!$B$4, MATCH(I18,Utilities!$A$4:$A$23,1)-1, 0, 2), OFFSET(Utilities!$A$4, MATCH(I18,Utilities!$A$4:$A$23,1)-1, 0, 2)), "Out of range")/100 -> 0.48 | P18: =O18*N18 -> 244.36364 | Q18: =P18/4 -> 61.090909 | S18: =Q18/(K18/$B$24) -> 74.551618 | T18: =S18*23/21 -> 81.651772 | U18: =U17 -> 95 | W18: =W17 -> 1 | X18: =K18/hour*W18 -> 0.81944444 | Y18: =AB18*9/5+32 -> 65.12 | Z18: 96 | AA18: 41 | AB18: 18.4 | AC18: 17.8 | AD18: 17.9 | AE18: =(414 + (11.45 * AD18) + (2.6 * I18))/1000 -> 0.774955
A19: Finish Proud Lake (Mile 100) | B19: 8 | C19: Yes | D19: Yes | E19: No | F19: 0.70833333 | G19: Full | H19: =H18+B19 -> 100 | I19: =I18 -> 60 | J19: =$A$24/(I19/100) -> 0.0068287037 | K19: =J19*B19 -> 0.05462963 | L19: =L18+K19 -> 46180.038 | N19: =B19*1.6*(140/2.2) -> 814.54545 | O19: =IFERROR(FORECAST(I19, OFFSET(Utilities!$B$4, MATCH(I19,Utilities!$A$4:$A$23,1)-1, 0, 2), OFFSET(Utilities!$A$4, MATCH(I19,Utilities!$A$4:$A$23,1)-1, 0, 2)), "Out of range")/100 -> 0.48 | P19: =O19*N19 -> 390.98182 | Q19: =P19/4 -> 97.745455 | S19: =Q19/(K19/$B$24) -> 74.551618 | T19: =S19*23/21 -> 81.651772 | U19: =U18 -> 95 | W19: =W18 -> 1 | X19: =K19/hour*W19 -> 1.3111111 | Y19: =AB19*9/5+32 -> 63.14 | Z19: 97 | AA19: 57 | AB19: 17.3 | AC19: 16.8 | AD19: 17 | AE19: =(414 + (11.45 * AD19) + (2.6 * I19))/1000 -> 0.76465
A20: Total | K20: =SUM(K2:K19) -> 0.66276837 | L20: =L19+K20 -> 46180.701 | N20: =SUM(N2:N19) -> 10181.818 | P20: =SUM(P2:P19) -> 5155.8284 | Q20: =P20/4 -> 1288.9571 | R20: =SUM(R2:R19) -> 1288.9571
A23: Vo2maxPace | B23: 1 hour
A24: 0.0040972222 | B24: 0.041666667
